name,listingDate,currentPrice,changeFromPreviousDay,offeringPrice,changeRateFromOfferingPrice,openingPrice,openingPriceToOfferingPrice,closingPriceOnFirstDay
아이스크림미디어(구.시공미디어),2024/08/30,-,%,"32,000",-%,-,%,예정
이엔셀,2024/08/23,-,%,"15,300",-%,-,%,예정
엠83,2024/08/22,-,%,"16,000",-%,-,%,예정
대신밸런스스팩18호,2024/08/22,-,%,"2,000",-%,-,%,예정
티디에스팜,2024/08/21,"52,000",0.00%,"13,000",300%,"27,000",107.69%,-
넥스트바이오메디컬,2024/08/20,"23,700",0.00%,"29,000",-18.28%,"27,000",-6.9%,"23,700"
케이쓰리아이,2024/08/20,"9,780",-7.30%,"15,500",-36.9%,"15,800",1.94%,"10,550"
전진건설로봇(구.전진중공업)(유가),2024/08/19,"22,050",6.01%,"16,500",33.64%,"27,500",66.67%,"20,550"
유라클,2024/08/16,"15,460",-7.37%,"21,000",-26.38%,"27,900",32.86%,"21,000"
교보스팩16호,2024/08/13,"2,050",0.24%,"2,000",2.5%,"2,300",15%,"2,060"
뱅크웨어글로벌,2024/08/12,"9,430",-2.78%,"16,000",-41.06%,"15,990",-0.06%,"15,750"
아이빔테크놀로지,2024/08/06,"7,420",-7.02%,"10,000",-25.8%,"10,000",0%,"13,360"
피앤에스미캐닉스,2024/07/31,"13,630",-2.15%,"22,000",-38.05%,"30,000",36.36%,"25,050"
산일전기(유가),2024/07/29,"42,450",-3.52%,"35,000",21.29%,"44,900",28.29%,"50,200"
NH스팩31호,2024/07/26,"2,025",-0.25%,"2,000",1.25%,"2,700",35%,"2,020"
SK증권스팩13호,2024/07/25,"2,070",0.00%,"2,000",3.5%,"2,885",44.25%,"2,065"
엑셀세라퓨틱스,2024/07/15,"4,905",-4.20%,"10,000",-50.95%,"12,480",24.8%,"8,330"
이베스트스팩6호,2024/07/12,"2,040",-0.24%,"2,000",2%,"2,860",43%,"2,030"
시프트업(유가),2024/07/11,"66,000",-2.08%,"60,000",10%,"79,900",33.17%,-
하스,2024/07/03,"12,450",0.40%,"16,000",-22.19%,"27,600",72.5%,"17,150"
이노스페이스,2024/07/02,"19,550",-6.46%,"43,300",-54.85%,"43,900",1.39%,"34,450"
신한글로벌액티브리츠,2024/07/01,"2,750",-0.18%,"3,000",-8.33%,-,%,"2,760"
에이치브이엠(구.한국진공야금),2024/06/28,"10,910",-6.27%,"18,000",-39.39%,"28,650",59.17%,"20,200"
하이젠알앤엠,2024/06/27,"11,200",-6.98%,"7,000",60%,"18,000",157.14%,"15,160"
한국스팩15호,2024/06/26,"2,055",0.24%,"2,000",2.75%,"3,175",58.75%,"1,983"
에스오에스랩,2024/06/25,"5,320",-2.39%,"11,500",-53.74%,"20,850",81.3%,"14,420"
에이치엠씨아이비스팩7호,2024/06/24,"2,010",0.00%,"2,000",0.5%,"2,455",22.75%,"1,958"
미래에셋비전스팩6호,2024/06/24,"2,030",-0.49%,"2,000",1.5%,"3,095",54.75%,"1,977"
한중엔시에스,2024/06/24,"42,650",-2.18%,"30,000",42.17%,"45,550",51.83%,"34,000"
KB스팩29호,2024/06/21,"2,055",-0.48%,"2,000",2.75%,"3,880",94%,"2,015"
씨어스테크놀로지,2024/06/19,"11,150",-3.96%,"17,000",-34.41%,"34,450",102.65%,"18,500"
미래에셋비전스팩5호,2024/06/19,"2,100",-0.71%,"2,000",5%,"3,300",65%,"2,060"
한국스팩14호,2024/06/19,"2,125",-0.23%,"2,000",6.25%,"3,150",57.5%,"2,055"
디비금융스팩12호,2024/06/18,"2,100",0.24%,"2,000",5%,"4,925",146.25%,"2,065"
라메디텍,2024/06/17,"12,700",-4.15%,"16,000",-20.63%,"50,000",212.5%,"24,550"
그리드위즈,2024/06/14,"32,850",-7.07%,"40,000",-17.88%,"60,600",51.5%,"49,500"
미래에셋비전스팩4호,2024/05/29,"2,040",-0.24%,"2,000",2%,"2,840",42%,"2,255"
노브랜드,2024/05/23,"15,650",-3.34%,"14,000",11.79%,"31,000",121.43%,"54,300"
아이씨티케이,2024/05/17,"6,780",-3.00%,"20,000",-66.1%,"19,990",-0.05%,"28,700"
KB스팩28호,2024/05/17,"2,145",0.47%,"2,000",7.25%,"2,330",16.5%,"2,030"
HD현대마린솔루션(구.HD현대글로벌서비스)(유가),2024/05/08,"112,500",0.00%,"83,400",34.89%,"119,900",43.76%,"163,900"
코칩,2024/05/07,"11,750",-0.84%,"18,000",-34.72%,"33,000",83.33%,"28,450"
SK증권스팩12호,2024/05/07,"2,135",0.23%,"2,000",6.75%,"2,800",40%,"2,090"
민테크,2024/05/03,"9,800",4.48%,"10,500",-6.67%,"14,900",41.9%,"12,880"
유안타스팩16호,2024/05/02,"2,040",0.25%,"2,000",2%,"3,115",55.75%,"2,005"
디앤디파마텍,2024/05/02,"29,050",1.04%,"33,000",-11.97%,"49,250",49.24%,"36,500"
제일엠앤에스(구.제일기공),2024/04/30,"10,890",-5.88%,"22,000",-50.5%,"37,700",71.36%,"27,000"
하나스팩33호,2024/04/24,"2,160",-0.46%,"2,000",8%,"5,100",155%,"2,150"
신한스팩13호,2024/04/22,"2,185",-0.68%,"2,000",9.25%,"5,900",195%,"2,195"
신한스팩12호,2024/04/15,"2,155",0.00%,"2,000",7.75%,"4,500",125%,-
아이엠비디엑스,2024/04/03,"18,050",-7.58%,"13,000",38.85%,"28,550",119.62%,"36,000"
하나스팩32호,2024/03/27,"2,190",0.00%,"2,000",9.5%,"4,875",143.75%,"2,500"
엔젤로보틱스,2024/03/26,"26,850",4.88%,"20,000",34.25%,"50,500",152.5%,"65,000"
삼현,2024/03/21,"22,350",-1.97%,"30,000",-25.5%,"67,000",123.33%,"47,000"
오상헬스케어,2024/03/13,"17,640",-9.26%,"20,000",-11.8%,"33,250",66.25%,"29,350"
케이엔알시스템,2024/03/07,"8,430",-0.59%,"13,500",-37.56%,"37,000",174.07%,"27,050"
비엔케이스팩2호,2024/03/05,"2,040",0.00%,"2,000",2%,"4,020",101%,"2,005"
하나스팩31호,2024/03/05,"2,100",0.00%,"2,000",5%,"4,065",103.25%,"2,020"
SK증권스팩11호,2024/03/04,"2,115",0.00%,"2,000",5.75%,"4,000",100%,"2,100"
유진스팩10호,2024/02/29,"2,170",0.93%,"2,000",8.5%,"3,000",50%,"2,230"
유안타스팩15호,2024/02/29,"2,015",0.00%,"2,000",0.75%,"2,450",22.5%,"2,015"
에이피알(유가),2024/02/27,"270,000",-1.82%,"250,000",8%,"445,500",78.2%,-
코셈,2024/02/23,"9,040",-2.80%,"16,000",-43.5%,"42,000",162.5%,"25,550"
이에이트,2024/02/23,"14,160",-4.32%,"20,000",-29.2%,"26,150",30.75%,"22,600"
케이웨더,2024/02/22,"4,090",-4.88%,"7,000",-41.57%,"19,920",184.57%,"16,600"
스튜디오삼익,2024/02/06,"9,000",-2.60%,"18,000",-50%,"52,000",188.89%,"39,900"
신영스팩10호,2024/02/06,"2,175",0.23%,"2,000",8.75%,"3,670",83.5%,"2,090"
이닉스(구.이닉스정호),2024/02/01,"16,670",-5.18%,"14,000",19.07%,"46,550",232.5%,-
IBKS스팩24호,2024/02/01,"2,185",-0.68%,"2,000",9.25%,"4,865",143.25%,-
포스뱅크,2024/01/29,"7,430",-2.49%,"18,000",-58.72%,"47,550",164.17%,"23,350"
현대힘스,2024/01/26,"13,200",-1.71%,"7,300",80.82%,"28,950",296.58%,"29,200"
에이치비인베스트먼트,2024/01/25,"2,145",-1.15%,"3,400",-36.91%,"10,100",197.06%,-
대신밸런스스팩17호,2024/01/24,"2,180",0.23%,"2,000",9%,"5,970",198.5%,"2,140"
우진엔텍,2024/01/24,"18,200",-1.46%,"5,300",243.4%,"21,200",300%,"21,200"
IBKS스팩23호,2023/12/22,"2,180",-0.23%,"2,000",9%,"4,030",101.5%,"2,065"
하나스팩30호,2023/12/22,"2,095",-0.24%,"2,000",4.75%,"3,250",62.5%,"1,980"
"디에스단석(구,단석산업)",2023/12/22,"75,500",0.94%,"100,000",-24.5%,"370,000",270%,"400,000"
블루엠텍,2023/12/13,"17,520",-6.31%,"19,000",-7.79%,"55,300",191.05%,"51,000"
LS머트리얼즈,2023/12/12,"18,030",-0.55%,"6,000",200.5%,"19,940",232.33%,"24,000"
케이엔에스,2023/12/06,"17,570",-3.14%,"23,000",-23.61%,"71,000",208.7%,"92,000"
와이바이오로직스,2023/12/05,"9,260",-3.74%,"9,000",2.89%,"23,450",160.56%,"12,800"
교보스팩15호,2023/12/05,"2,170",0.00%,"2,000",8.5%,"4,900",145%,"1,975"
삼성스팩9호,2023/12/04,"2,020",-0.25%,"2,000",1%,"4,720",136%,"2,070"
NH스팩30호,2023/12/01,"2,025",0.00%,"2,000",1.25%,"2,400",20%,"2,475"
에이텀,2023/12/01,"9,840",12.20%,"18,000",-45.33%,"56,900",216.11%,"30,400"
에이에스텍,2023/11/28,"27,750",-1.60%,"28,000",-0.89%,"85,000",203.57%,"70,100"
그린리소스,2023/11/24,"20,250",-2.17%,"17,000",19.12%,"29,500",73.53%,"52,300"
한선엔지니어링,2023/11/24,"12,500",6.20%,"7,000",78.57%,"16,600",137.14%,"18,330"
에코아이,2023/11/21,"20,100",-1.47%,"34,700",-42.07%,"46,100",32.85%,"62,300"
동인기연(유가),2023/11/21,"18,280",-0.22%,"30,000",-39.07%,"30,700",2.33%,"29,150"
스톰테크,2023/11/20,"7,980",-1.12%,"11,000",-27.45%,"18,890",71.73%,"19,060"
에코프로머티리얼즈(유가),2023/11/17,"81,400",2.26%,"36,200",124.86%,"43,000",18.78%,"57,200"
캡스톤파트너스,2023/11/15,"3,875",7.79%,"4,000",-3.13%,"7,000",75%,"9,180"
에이직랜드,2023/11/13,"31,450",-2.93%,"25,000",25.8%,"31,800",27.2%,"30,300"
한국스팩13호,2023/11/13,"2,205",0.46%,"2,000",10.25%,"2,530",26.5%,"1,980"
에스와이스틸텍,2023/11/13,"4,830",24.32%,"1,800",168.33%,"3,300",83.33%,"4,065"
비아이매트릭스,2023/11/09,"9,040",-1.42%,"13,000",-30.46%,"17,040",31.08%,"11,660"
컨텍,2023/11/09,"10,310",-2.09%,"22,500",-54.18%,"19,700",-12.44%,"15,920"
큐로셀,2023/11/09,"30,550",-1.29%,"20,000",52.75%,"22,550",12.75%,"21,700"
메가터치,2023/11/09,"4,355",-1.69%,"4,800",-9.27%,"6,960",45%,"5,590"
쏘닉스,2023/11/07,"2,510",0.60%,"7,500",-66.53%,"10,000",33.33%,"9,430"
KB스팩27호,2023/11/03,"1,997",0.05%,"2,000",-0.15%,"2,005",0.25%,"1,857"
유투바이오,2023/11/02,"4,150",-8.08%,"4,400",-5.68%,"6,000",36.36%,"8,550"
유진테크놀로지,2023/11/02,"7,470",0.54%,"17,000",-56.06%,"24,550",44.41%,"21,200"
퀄리타스반도체,2023/10/27,"12,150",-4.56%,"17,000",-28.53%,"29,200",71.76%,"20,650"
워트,2023/10/26,"11,090",-1.77%,"6,500",70.62%,"10,270",58%,"8,650"
에스엘에스바이오,2023/10/20,"4,080",-7.69%,"7,000",-41.71%,"9,330",33.29%,"6,270"
신성에스티,2023/10/19,"30,200",-4.13%,"26,000",16.15%,"46,050",77.12%,"39,050"
퓨릿(구.신디프),2023/10/18,"8,310",-2.00%,"10,700",-22.34%,"15,610",45.89%,"14,460"
에이치엠씨아이비스팩6호,2023/10/13,"2,095",-0.24%,"2,000",4.75%,"2,000",0%,"2,420"
아이엠티,2023/10/10,"11,090",-2.80%,"14,000",-20.79%,"28,000",100%,"20,750"
레뷰코퍼레이션,2023/10/06,"9,270",1.87%,"15,000",-38.2%,"40,000",166.67%,"23,000"
두산로보틱스,2023/10/05,"68,700",1.03%,"26,000",164.23%,"59,100",127.31%,"51,400"
한싹,2023/10/04,"5,960",4.93%,"12,500",-52.32%,"37,350",198.8%,"21,500"
신한스팩11호,2023/10/04,"1,945",-0.10%,"2,000",-2.75%,"1,996",-0.2%,"1,900"
밀리의서재,2023/09/27,"17,870",5.37%,"23,000",-22.3%,"41,100",78.7%,"41,600"
인스웨이브시스템즈,2023/09/25,"4,275",-2.51%,"24,000",-82.19%,"36,100",50.42%,"51,500"
상상인스팩4호,2023/09/14,"2,010",0.25%,"2,000",0.5%,"1,982",-0.9%,"1,983"
한화플러스스팩4호,2023/09/07,"2,150",-0.69%,"2,000",7.5%,"2,900",45%,"1,998"
대신밸런스스팩16호,2023/09/04,"2,175",0.46%,"2,000",8.75%,"2,670",33.5%,"2,005"
유안타스팩11호,2023/09/01,"2,135",-0.47%,"2,000",6.75%,"3,025",51.25%,"2,005"
대신밸런스스팩15호,2023/08/30,"2,375",-0.63%,"2,000",18.75%,"2,655",32.75%,"2,035"
한국스팩12호,2023/08/30,"2,245",-1.32%,"2,000",12.25%,"3,465",73.25%,"2,520"
시큐레터,2023/08/24,"6,550",0.00%,"12,000",-45.42%,"19,000",58.33%,"24,300"
스마트레이더시스템,2023/08/22,"7,300",-3.82%,"8,000",-8.75%,"16,110",101.38%,"10,470"
넥스틸,2023/08/21,"8,380",3.08%,"11,500",-27.13%,"11,990",4.26%,"10,740"
빅토리콘텐츠(구.빅텐츠),2023/08/17,"12,060",-2.27%,"23,000",-47.57%,"26,900",16.96%,"26,350"
SK증권스팩10호,2023/08/11,"2,170",-0.69%,"2,000",8.5%,"5,000",150%,"2,490"
큐리옥스바이오시스템즈,2023/08/10,"22,450",2.51%,"13,000",72.69%,"13,000",0%,"17,330"
KB스팩26호,2023/08/10,"2,485",0.00%,"2,000",24.25%,"3,200",60%,"2,035"
코츠테크놀로지,2023/08/10,"21,100",0.24%,"13,000",62.31%,"25,000",92.31%,"20,400"
하나스팩28호,2023/08/10,"2,140",0.47%,"2,000",7%,"2,800",40%,"2,030"
파두,2023/08/07,"14,310",-0.28%,"31,000",-53.84%,"26,300",-15.16%,"27,600"
엠아이큐브솔루션,2023/08/04,"8,190",-0.61%,"12,000",-31.75%,"36,900",207.5%,"26,700"
시지트로닉스,2023/08/03,"8,000",-4.08%,"25,000",-68%,"26,350",5.4%,"23,100"
파로스아이바이오,2023/07/27,"10,010",-0.79%,"14,000",-28.5%,"12,330",-11.93%,"8,730"
에이엘티,2023/07/27,"10,330",0.10%,"25,000",-58.68%,"31,600",26.4%,"22,550"
유안타스팩14호,2023/07/27,"2,155",0.47%,"2,000",7.75%,"3,755",87.75%,"2,175"
버넥트,2023/07/26,"3,895",-3.11%,"16,000",-75.66%,"23,600",47.5%,"11,700"
뷰티스킨,2023/07/24,"16,140",-4.04%,"26,000",-37.92%,"54,500",109.62%,"32,600"
SK증권스팩9호,2023/07/21,"2,170",-0.46%,"2,000",8.5%,"3,385",69.25%,"3,860"
와이랩,2023/07/20,"5,750",0.35%,"9,000",-36.11%,"21,600",140%,-
센서뷰,2023/07/19,"3,140",-2.18%,"4,500",-30.22%,"12,700",182.22%,"6,830"
필에너지,2023/07/14,"15,290",-0.07%,"34,000",-55.03%,"122,600",260.59%,"114,600"
디비금융스팩11호,2023/07/12,"2,335",2.41%,"2,000",16.75%,"5,750",187.5%,"4,435"
이노시뮬레이션,2023/07/06,"5,770",-1.03%,"15,000",-61.53%,"44,850",199%,"35,000"
교보스팩14호,2023/07/06,"2,220",0.23%,"2,000",11%,"2,170",8.5%,"6,810"
오픈놀,2023/06/30,"4,820",-2.43%,"10,000",-51.8%,"13,000",30%,"15,750"
알멕,2023/06/30,"27,400",-1.44%,"50,000",-45.2%,"145,400",190.8%,"99,500"
시큐센,2023/06/29,"1,945",-0.71%,"3,000",-35.17%,"8,940",198%,"9,150"
하나스팩29호,2023/06/28,"2,185",1.16%,"2,000",9.25%,"2,115",5.75%,"2,110"
KB스팩25호,2023/06/23,"2,640",0.00%,"2,000",32%,"2,140",7%,"2,130"
NH스팩29호,2023/06/23,"2,015",-0.25%,"2,000",0.75%,"2,040",2%,"2,030"
하이스팩8호,2023/06/22,"2,145",-0.46%,"2,000",7.25%,"2,095",4.75%,"2,125"
프로테옴텍,2023/06/16,"3,080",1.99%,"4,500",-31.56%,"6,500",44.44%,-
큐라티스,2023/06/15,902,4.64%,"4,000",-77.45%,"4,500",12.5%,"5,850"
마녀공장,2023/06/08,"23,150",-3.14%,"16,000",44.69%,"32,000",100%,-
나라셀라,2023/06/02,"4,130",2.10%,"20,000",-79.35%,"19,500",-2.5%,"17,500"
진영(구.진영엘디엠),2023/06/01,"2,820",-0.35%,"5,000",-43.6%,"10,000",100%,"8,680"
기가비스,2023/05/24,"41,650",-4.03%,"43,000",-3.14%,"71,200",65.58%,"79,000"
모니터랩,2023/05/19,"3,735",-1.97%,"9,800",-61.89%,"19,600",100%,"14,200"
씨유박스,2023/05/19,"3,910",-2.74%,"15,000",-73.93%,"15,680",4.53%,"13,920"
키움스팩8호,2023/05/17,"2,195",0.00%,"2,000",9.75%,"2,050",2.5%,"2,070"
트루엔,2023/05/17,"9,450",0.00%,"12,000",-21.25%,"19,340",61.17%,"17,200"
에스바이오메딕스,2023/05/04,"26,300",2.33%,"18,000",46.11%,"23,150",28.61%,"18,830"
토마토시스템,2023/04/27,"6,380",-6.04%,"18,200",-64.95%,"18,100",-0.55%,"14,650"
마이크로투나노,2023/04/26,"7,800",-2.50%,"15,500",-49.68%,"25,200",62.58%,"20,650"
삼성FN리츠(유가),2023/04/10,"4,915",0.20%,"5,000",-1.7%,"4,790",-4.2%,"4,855"
미래에셋비전스팩3호,2023/04/07,"2,190",0.00%,"2,000",9.5%,"2,005",0.25%,-
IBKS스팩22호,2023/04/06,"2,290",0.22%,"2,000",14.5%,"2,055",2.75%,"2,090"
하나스팩27호,2023/04/06,"2,155",0.47%,"2,000",7.75%,"2,000",0%,"2,005"
지아이이노베이션,2023/03/30,"10,190",-2.49%,"13,000",-21.62%,"18,950",45.77%,"20,250"
엘비인베스트먼트,2023/03/29,"4,255",-0.47%,"5,100",-16.57%,"6,500",27.45%,"8,450"
한화위탁관리부동산투자회사,2023/03/27,"4,990",-0.20%,"5,000",-0.2%,"4,900",-2%,"4,510"
유안타스팩12호,2023/03/17,"2,380",0.00%,"2,000",19%,"1,997",-0.15%,"1,998"
미래에셋드림스팩1호,2023/03/15,"9,880",0.10%,"10,000",-1.2%,"9,370",-6.3%,"9,410"
금양그린파워,2023/03/13,"11,630",-1.52%,"10,000",16.3%,"19,000",90%,"16,200"
NH스팩28호,2023/03/09,"5,450",0.00%,"2,000",172.5%,"2,100",5%,"2,100"
자람테크놀로지,2023/03/07,"43,250",-2.92%,"22,000",96.59%,"44,000",100%,"42,700"
하나스팩26호,2023/03/07,"2,170",0.00%,"2,000",8.5%,"2,000",0%,"1,999"
나노팀,2023/03/03,"12,870",-2.72%,"13,000",-1%,"26,000",100%,"29,800"
삼성스팩8호,2023/03/02,"9,970",0.00%,"10,000",-0.3%,"10,100",1%,"9,980"
바이오인프라,2023/03/02,"8,560",3.13%,"21,000",-59.24%,"42,000",100%,"29,400"
유안타스팩13호,2023/02/28,"2,025",0.00%,"2,000",1.25%,"2,010",0.5%,"1,999"
미래에셋비전스팩2호,2023/02/24,"2,320",-0.22%,"2,000",16%,"4,000",100%,"2,800"
이노진,2023/02/20,"1,977",-0.85%,"3,000",-34.1%,"6,000",100%,"7,800"
제이오,2023/02/16,"18,300",3.16%,"13,000",40.77%,"19,900",53.08%,"21,500"
샌즈랩,2023/02/15,"6,620",-2.07%,"10,500",-36.95%,"21,000",100%,"24,900"
꿈비,2023/02/09,"6,930",-0.57%,"5,000",38.6%,"10,000",100%,"13,000"
스튜디오미르,2023/02/07,"2,775",0.91%,"19,500",-85.77%,"39,000",100%,"50,700"
삼기이브이,2023/02/03,"2,590",-0.77%,"11,000",-76.45%,"22,000",100%,"26,850"
오브젠,2023/01/30,"11,210",-3.86%,"18,000",-37.72%,"36,000",100%,"46,800"
미래반도체,2023/01/27,"15,550",0.39%,"6,000",159.17%,"12,000",100%,-
한주라이트메탈(구.한주금속),2023/01/19,"1,018",-1.07%,"3,100",-67.16%,"4,115",32.74%,"5,340"
티이엠씨,2023/01/19,"11,820",-0.51%,"28,000",-57.79%,"27,950",-0.18%,"28,100"
신영스팩9호,2022/12/27,"2,270",0.89%,"2,000",13.5%,"1,985",-0.75%,"1,985"
바이오노트(유가),2022/12/22,"5,210",-8.11%,"9,000",-42.11%,"9,980",10.89%,"10,650"
비엔케이스팩1호,2022/12/22,"2,115",0.24%,"2,000",5.75%,"1,980",-1%,"1,985"
IBKS스팩21호,2022/12/16,"2,265",0.22%,"2,000",13.25%,"2,015",0.75%,"2,000"
NH스팩27호,2022/12/16,"2,125",0.24%,"2,000",6.25%,"1,990",-0.5%,"1,980"
에스에이엠지엔터테인먼트,2022/12/06,"12,400",1.06%,"17,000",-27.06%,"18,050",6.18%,"23,450"
대신밸런스스팩14호,2022/12/05,"2,295",-0.22%,"2,000",14.75%,"1,985",-0.75%,"1,995"
NH스팩26호,2022/12/01,"2,080",-0.24%,"2,000",4%,"1,995",-0.25%,"1,980"
유진스팩9호,2022/12/01,"2,295",0.22%,"2,000",14.75%,"2,000",0%,"1,985"
대신밸런스스팩13호,2022/11/28,"2,110",-2.09%,"2,000",5.5%,"2,000",0%,"2,000"
펨트론,2022/11/24,"4,185",-2.22%,"8,000",-47.69%,"9,820",22.75%,"9,210"
인벤티지랩,2022/11/22,"15,140",0.87%,"12,000",26.17%,"12,750",6.25%,"14,950"
엔젯,2022/11/18,"11,450",1.69%,"10,000",14.5%,"9,000",-10%,"10,850"
유비온,2022/11/18,915,-3.17%,"2,000",-54.25%,"1,850",-7.5%,"1,745"
티쓰리엔터테인먼트,2022/11/17,"1,169",1.83%,"1,700",-31.24%,"2,445",43.82%,"2,085"
티에프이,2022/11/17,"21,800",-2.02%,"10,500",107.62%,"10,000",-4.76%,"9,260"
윤성에프앤씨,2022/11/14,"51,200",-0.19%,"49,000",4.49%,"44,100",-10%,"40,450"
디티앤씨알오,2022/11/11,"6,200",-3.12%,"17,000",-63.53%,"15,700",-7.65%,"13,850"
뉴로메카,2022/11/04,"25,600",3.43%,"16,900",51.48%,"24,250",43.49%,"21,050"
제이아이테크,2022/11/04,"3,980",-0.13%,"16,000",-75.13%,"14,400",-10%,"11,900"
NH스팩25호,2022/11/03,"2,250",-0.66%,"2,000",12.5%,"2,110",5.5%,"2,175"
KB스팩23호,2022/11/03,"1,685",0.00%,"2,000",-15.75%,"1,945",-2.75%,"1,940"
큐알티,2022/11/02,"15,450",1.25%,"44,000",-64.89%,"43,000",-2.27%,"38,350"
교보스팩13호,2022/11/02,"2,265",-0.44%,"2,000",13.25%,"2,000",0%,"1,975"
IBKS스팩20호,2022/10/28,"2,330",0.43%,"2,000",16.5%,"2,020",1%,"2,010"
저스템,2022/10/28,"9,330",-7.16%,"10,500",-11.14%,"11,000",4.76%,"12,400"
산돌,2022/10/27,"7,210",1.12%,"18,800",-61.65%,"24,150",28.46%,"20,850"
삼성스팩7호,2022/10/26,"10,170",0.30%,"10,000",1.7%,"17,150",71.5%,"14,100"
플라즈맵,2022/10/21,"2,155",0.47%,"7,000",-69.21%,"8,420",20.29%,"6,700"
한국스팩11호,2022/10/20,"3,495",2.49%,"2,000",74.75%,"2,045",2.25%,"2,035"
하나금융스팩25호,2022/10/20,"10,160",0.10%,"10,000",1.6%,"9,900",-1%,"9,760"
핀텔,2022/10/20,"2,170",-0.46%,"8,900",-75.62%,"15,300",71.91%,"10,850"
NH스팩24호,2022/10/20,"2,150",0.00%,"2,000",7.5%,"2,060",3%,"2,055"
샤페론,2022/10/19,"1,840",-4.22%,"5,000",-63.2%,"9,000",80%,"8,630"
탑머티리얼,2022/10/18,"44,850",0.79%,"30,000",49.5%,"33,500",11.67%,"37,000"
에스비비테크,2022/10/17,"23,900",10.90%,"12,400",92.74%,"23,900",92.74%,"31,050"
오에스피,2022/10/14,"3,650",-1.35%,"8,400",-56.55%,"10,850",29.17%,"10,050"
이노룰스,2022/10/07,"6,230",-0.32%,"12,500",-50.16%,"13,150",5.2%,"15,850"
모델솔루션,2022/10/07,"10,690",-0.56%,"27,000",-60.41%,"29,500",9.26%,"30,900"
유안타스팩10호,2022/10/06,"2,160",0.00%,"2,000",8%,"2,050",2.5%,"2,065"
SK증권스팩8호,2022/10/06,"2,135",0.00%,"2,000",6.75%,"2,120",6%,"2,140"
KB스타리츠(유가),2022/10/06,"4,345",0.35%,"5,000",-13.1%,"4,500",-10%,"4,340"
선바이오,2022/10/05,"7,670",0.00%,"11,000",-30.27%,"12,050",9.55%,"10,600"
더블유씨피,2022/09/30,"21,200",1.44%,"60,000",-64.67%,"54,000",-10%,"41,700"
하나금융스팩24호,2022/09/29,"1,762",0.00%,"2,000",-11.9%,"2,085",4.25%,"2,080"
알피바이오,2022/09/29,"7,300",-1.75%,"13,000",-43.85%,"19,300",48.46%,"18,300"
한화플러스스팩3호,2022/09/29,"2,215",0.00%,"2,000",10.75%,"2,110",5.5%,"2,125"
오픈엣지테크놀로지,2022/09/26,"16,000",-3.03%,"10,000",60%,"10,800",8%,"10,050"
KB스팩22호,2022/09/22,"4,760",0.00%,"2,000",138%,"2,105",5.25%,"2,110"
하나금융스팩23호,2022/09/15,"5,700",0.00%,"2,000",185%,"2,120",6%,"2,110"
키움스팩7호,2022/09/07,"2,460",0.00%,"2,000",23%,"2,110",5.5%,"2,120"
IBKS스팩19호,2022/08/26,"6,300",0.00%,"2,000",215%,"2,095",4.75%,"2,095"
신영스팩8호,2022/08/26,"2,270",-0.44%,"2,000",13.5%,"2,105",5.25%,"2,105"
대성하이텍,2022/08/22,"4,360",-2.46%,"9,000",-51.56%,"13,000",44.44%,"14,600"
쏘카(유가),2022/08/22,"18,840",-0.16%,"28,000",-32.71%,"28,000",0%,"26,300"
에이치와이티씨,2022/08/09,"5,170",0.58%,"15,000",-65.53%,"14,700",-2%,"15,850"
유안타스팩9호,2022/08/04,"2,160",0.23%,"2,000",8%,"2,090",4.5%,"2,090"
새빗켐,2022/08/04,"27,000",0.19%,"35,000",-22.86%,"70,000",100%,"72,500"
수산인더스트리(유가),2022/08/01,"23,300",6.39%,"35,000",-33.43%,"33,000",-5.71%,"32,500"
신한스팩10호,2022/07/29,"2,390",1.70%,"2,000",19.5%,"2,150",7.5%,"2,145"
아이씨에이치,2022/07/29,"4,010",-1.35%,"34,000",-88.21%,"30,600",-10%,"27,000"
성일하이텍,2022/07/28,"54,900",1.10%,"50,000",9.8%,"99,900",99.8%,"88,200"
에이프릴바이오,2022/07/28,"19,840",-3.22%,"16,000",24%,"19,500",21.88%,"21,850"
IBKS스팩18호,2022/07/22,"1,251",0.40%,"2,000",-37.45%,"2,185",9.25%,"2,145"
루닛,2022/07/21,"42,950",2.51%,"30,000",43.17%,"30,800",2.67%,"40,000"
에이치피에스피,2022/07/15,"30,850",0.65%,"25,000",23.4%,"50,000",100%,"43,250"
대신밸런스12호스팩,2022/07/14,"2,580",0.00%,"2,000",29%,"2,170",8.5%,"2,135"
영창케미칼,2022/07/14,"16,350",-0.91%,"18,600",-12.1%,"18,400",-1.08%,"16,450"
코난테크놀로지,2022/07/07,"14,950",-2.92%,"25,000",-40.2%,"35,300",41.2%,"30,600"
넥스트칩,2022/07/01,"8,490",-2.53%,"13,000",-34.69%,"17,150",31.92%,"14,300"
삼성스팩6호,2022/06/30,"2,320",-0.64%,"2,000",16%,"4,000",100%,"5,200"
NH스팩23호,2022/06/28,"2,095",0.48%,"2,000",4.75%,"2,085",4.25%,"2,090"
교보스팩12호,2022/06/24,"2,140",0.47%,"2,000",7%,"2,075",3.75%,"2,070"
보로노이,2022/06/24,"65,400",-1.80%,"40,000",63.5%,"36,000",-10%,"29,350"
레이저쎌,2022/06/24,"6,150",-1.76%,"16,000",-61.56%,"20,600",28.75%,"17,350"
KB스팩21호,2022/06/23,"2,165",0.00%,"2,000",8.25%,"2,100",5%,"2,100"
위니아에이드,2022/06/23,"1,691",0.00%,"16,200",-89.56%,"14,600",-9.88%,"11,000"
비플라이소프트,2022/06/20,"1,099",-1.26%,"10,000",-89.01%,"10,500",5%,"9,050"
범한퓨얼셀,2022/06/17,"16,850",-2.38%,"40,000",-57.88%,"41,000",2.5%,"47,950"
청담글로벌,2022/06/03,"7,410",-0.54%,"6,000",23.5%,"6,500",8.33%,"7,640"
마스턴프리미어리츠(유가),2022/05/31,"2,350",0.00%,"5,000",-53%,"5,750",15%,"6,010"
하나금융스팩22호,2022/05/26,"2,380",0.00%,"2,000",19%,"2,160",8%,"2,155"
가온칩스,2022/05/20,"54,700",-2.50%,"14,000",290.71%,"24,150",72.5%,"27,100"
대명에너지,2022/05/16,"12,730",-2.60%,"15,000",-15.13%,"15,450",3%,"13,950"
상상인스팩3호,2022/04/29,"2,100",0.00%,"2,000",5%,"2,155",7.75%,"2,150"
신영스팩7호,2022/04/28,"5,200",0.00%,"2,000",160%,"2,295",14.75%,"2,270"
포바이포,2022/04/28,"6,270",-2.03%,"17,000",-63.12%,"34,000",100%,"44,200"
신한스팩9호,2022/04/27,"3,920",0.00%,"2,000",96%,"2,240",12%,"2,255"
미래에셋비전스팩1호,2022/04/21,"2,620",0.00%,"2,000",31%,"2,270",13.5%,"2,295"
키움스팩6호,2022/04/07,"2,240",0.00%,"2,000",12%,"2,180",9%,"2,215"
지투파워,2022/04/01,"6,780",-0.73%,"16,400",-58.66%,"32,800",100%,"35,250"
유진스팩8호,2022/03/31,"2,790",0.00%,"2,000",39.5%,"2,115",5.75%,"2,110"
코람코더원리츠(유가),2022/03/28,"5,200",-0.38%,"5,000",4%,"5,260",5.2%,"5,410"
세아메카닉스,2022/03/24,"3,015",-0.33%,"4,400",-31.48%,"8,800",100%,"7,600"
공구우먼,2022/03/23,"4,620",-0.43%,"20,000",-76.9%,"21,600",8%,"20,000"
유일로보틱스,2022/03/18,"28,100",2.37%,"10,000",181%,"20,000",100%,"26,000"
모아데이타,2022/03/10,"1,573",-1.63%,"20,000",-92.14%,"18,000",-10%,"16,050"
SK증권스팩7호,2022/03/07,"2,175",-0.68%,"2,000",8.75%,"2,135",6.75%,"2,130"
노을,2022/03/03,"2,240",-0.88%,"10,000",-77.6%,"9,670",-3.3%,"9,210"
비씨엔씨,2022/03/03,"15,050",0.60%,"13,000",15.77%,"26,000",100%,"22,600"
풍원정밀,2022/02/28,"10,760",-2.62%,"15,200",-29.21%,"20,200",32.89%,"21,450"
스톤브릿지벤처스,2022/02/25,"3,770",-0.53%,"8,000",-52.88%,"7,200",-10%,"6,510"
하나금융스팩21호,2022/02/25,"2,095",0.48%,"2,000",4.75%,"2,080",4%,"2,090"
브이씨,2022/02/24,"3,935",-0.63%,"15,000",-73.77%,"17,400",16%,"15,350"
퓨런티어,2022/02/23,"16,100",0.56%,"15,000",7.33%,"30,000",100%,"31,200"
바이오에프디엔씨,2022/02/21,"15,300",-2.05%,"28,000",-45.36%,"25,200",-10%,"22,200"
한국스팩10호,2022/02/21,"3,305",0.00%,"2,000",65.25%,"2,130",6.5%,"2,130"
IBKS스팩17호,2022/02/18,"3,800",0.00%,"2,000",90%,"2,660",33%,"2,315"
인카금융서비스,2022/02/16,"5,090",-1.55%,"18,000",-71.72%,"17,250",-4.17%,"14,400"
나래나노텍,2022/02/08,"4,135",-2.13%,"17,500",-76.37%,"15,750",-10%,"13,900"
아셈스,2022/02/07,"6,800",-1.02%,"8,000",-15%,"16,000",100%,"13,500"
스코넥,2022/02/04,"3,550",-0.14%,"13,000",-72.69%,"26,000",100%,"24,450"
이지트로닉스,2022/02/04,"5,940",-0.67%,"22,000",-73%,"23,450",6.59%,"25,500"
LG에너지솔루션(유가),2022/01/27,"350,000",6.06%,"300,000",16.67%,"597,000",99%,"505,000"
애드바이오텍,2022/01/24,"3,370",-3.58%,"7,000",-51.86%,"6,730",-3.86%,"5,950"
케이옥션,2022/01/24,"3,345",-2.19%,"20,000",-83.28%,"40,000",100%,"52,000"
오토앤,2022/01/20,"4,905",6.40%,"5,300",-7.45%,"8,800",66.04%,"11,400"
디비금융스팩10호,2022/01/20,"3,150",0.00%,"2,000",57.5%,"2,075",3.75%,"2,115"
래몽래인,2021/12/30,"11,880",1.02%,"15,000",-20.8%,"26,000",73.33%,"24,000"
하나금융스팩20호,2021/12/27,"2,785",0.00%,"2,000",39.25%,"2,130",6.5%,"2,135"
NH스팩22호,2021/12/24,"3,505",0.00%,"2,000",75.25%,"2,090",4.5%,"2,085"
하이스팩7호,2021/12/20,"2,110",0.00%,"2,000",5.5%,"2,060",3%,"2,085"
교보스팩11호,2021/12/20,"3,425",0.00%,"2,000",71.25%,"2,065",3.25%,"2,095"
케이티비네트워크,2021/12/16,"2,555",0.00%,"5,800",-55.95%,"6,030",3.97%,"5,350"
신한서부티엔디리츠(유가),2021/12/10,"4,035",1.00%,"5,000",-19.3%,"4,805",-3.9%,"4,915"
툴젠,2021/12/10,"81,600",-6.96%,"70,000",16.57%,"82,300",17.57%,"91,100"
미래에셋글로벌리츠(유가),2021/12/03,"2,990",0.00%,"5,000",-40.2%,"5,310",6.2%,"5,230"
대신밸런스스팩11호,2021/12/02,"3,535",0.00%,"2,000",76.75%,"2,060",3%,"2,070"
마인즈랩,2021/11/23,"11,780",-1.42%,"30,000",-60.73%,"29,650",-1.17%,"38,000"
알비더블유,2021/11/22,"2,505",-1.57%,"21,400",-88.29%,"42,800",100%,"38,950"
바이옵트로,2021/11/18,"8,040",0.00%,"7,500",7.2%,"7,300",-2.67%,"6,290"
NH올원리츠(유가),2021/11/18,"3,725",-0.53%,"5,000",-25.5%,"5,490",9.8%,"5,370"
트윔,2021/11/17,"8,950",0.34%,"22,000",-59.32%,"44,000",100%,"41,100"
지오엘리먼트,2021/11/11,"8,630",-0.80%,"10,000",-13.7%,"20,000",100%,"15,900"
아이티아이즈,2021/11/11,"8,190",17.00%,"14,300",-42.73%,"28,600",100%,"20,050"
비트나인,2021/11/10,"2,690",-1.47%,"11,000",-75.55%,"15,250",38.64%,"11,400"
디어유,2021/11/10,"21,200",-2.53%,"26,000",-18.46%,"52,000",100%,"66,500"
지니너스,2021/11/08,"1,441",-2.64%,"20,000",-92.8%,"18,000",-10%,"13,400"
카카오페이(유가),2021/11/03,"24,000",0.42%,"90,000",-73.33%,"180,000",100%,"193,000"
피코그램,2021/11/03,"2,830",-0.88%,"12,500",-77.36%,"25,000",100%,"18,600"
엔켐,2021/11/01,"210,000",-2.10%,"42,000",400%,"81,600",94.29%,"80,000"
리파인,2021/10/29,"11,150",-2.02%,"21,000",-46.9%,"18,900",-10%,"14,300"
지앤비에스엔지니어링,2021/10/29,"3,985",-0.75%,"17,400",-77.1%,"24,000",37.93%,"19,200"
아이패밀리에스씨,2021/10/28,"24,550",-1.60%,"25,000",-1.8%,"28,650",14.6%,"25,400"
차백신연구소,2021/10/22,"4,830",-2.42%,"11,000",-56.09%,"11,700",6.36%,"13,000"
지아이텍,2021/10/21,"2,670",-1.48%,"14,000",-80.93%,"28,000",100%,"36,400"
NH스팩21호,2021/10/15,"2,405",2.12%,"2,000",20.25%,"2,075",3.75%,"2,075"
케이카(유가),2021/10/13,"13,670",4.11%,"25,000",-45.32%,"22,500",-10%,"23,000"
씨유테크,2021/10/08,"3,295",-0.75%,"6,000",-45.08%,"12,000",100%,"8,400"
원준,2021/10/07,"11,380",-1.04%,"65,000",-82.49%,"102,000",56.92%,"87,000"
하나금융스팩19호,2021/10/07,"2,835",0.00%,"2,000",41.75%,"2,045",2.25%,"2,045"
아스플로,2021/10/07,"8,740",-0.34%,"25,000",-65.04%,"36,000",44%,"28,350"
NH스팩20호,2021/10/05,"10,450",0.00%,"2,000",422.5%,"2,030",1.5%,"2,050"
에스앤디,2021/09/29,"39,250",0.13%,"28,000",40.18%,"25,200",-10%,"21,700"
실리콘투,2021/09/29,"42,200",-4.85%,"27,200",55.15%,"38,500",41.54%,"29,000"
프롬바이오,2021/09/28,"1,970",-1.50%,"18,000",-89.06%,"19,250",6.94%,"19,850"
신한스팩8호,2021/09/27,"2,080",0.00%,"2,000",4%,"2,100",5%,"2,080"
바이오플러스,2021/09/27,"6,060",1.85%,"31,500",-80.76%,"39,500",25.4%,"32,450"
대신밸런스스팩10호,2021/09/17,"5,070",0.00%,"2,000",153.5%,"2,305",15.25%,"2,220"
현대중공업(유가),2021/09/17,"205,000",-2.84%,"60,000",241.67%,"111,000",85%,"111,500"
SK리츠(유가),2021/09/14,"5,120",0.00%,"5,000",2.4%,"5,340",6.8%,"5,780"
유진스팩7호,2021/09/13,"2,095",0.00%,"2,000",4.75%,"4,000",100%,"2,800"
와이엠텍,2021/09/10,"14,520",-10.32%,"28,000",-48.14%,"56,000",100%,"59,000"
에이비온,2021/09/08,"8,250",2.23%,"17,000",-51.47%,"16,800",-1.18%,"15,700"
IBKS스팩16호,2021/09/03,"3,420",6.05%,"2,000",71%,"4,000",100%,"2,475"
일진하이솔루스(유가),2021/09/01,"21,500",0.70%,"34,300",-37.32%,"68,600",100%,"89,100"
디앤디플랫폼리츠,2021/08/27,"3,720",0.27%,"5,000",-25.6%,"5,390",7.8%,"5,290"
바이젠셀,2021/08/25,"4,200",-2.55%,"52,700",-92.03%,"73,500",39.47%,"59,500"
아주스틸(유가),2021/08/20,"5,680",-0.18%,"15,100",-62.38%,"30,200",100%,"33,500"
브레인즈컴퍼니,2021/08/19,"6,530",-1.51%,"25,000",-73.88%,"50,000",100%,"65,000"
롯데렌탈(유가),2021/08/19,"30,500",0.99%,"59,000",-48.31%,"57,500",-2.54%,"55,500"
딥노이드,2021/08/17,"5,820",-5.52%,"42,000",-86.14%,"72,000",71.43%,"50,400"
한컴라이프케어(유가),2021/08/17,"3,855",-5.17%,"13,700",-71.86%,"16,050",17.15%,"12,800"
엠로,2021/08/13,"45,750",-0.97%,"22,600",102.43%,"32,700",44.69%,"28,300"
플래티어,2021/08/12,"5,050",-0.39%,"11,000",-54.09%,"22,000",100%,"28,600"
원티드랩,2021/08/11,"4,960",-1.20%,"35,000",-85.83%,"70,000",100%,"91,000"
크래프톤(유가),2021/08/10,"339,500",1.80%,"498,000",-31.83%,"448,500",-9.94%,"454,000"
에이치케이이노엔,2021/08/09,"41,250",-0.96%,"59,000",-30.08%,"68,100",15.42%,"68,500"
카카오뱅크(유가),2021/08/06,"21,500",0.00%,"39,000",-44.87%,"53,700",37.69%,"69,800"
한화플러스스팩2호,2021/08/05,"2,090",0.00%,"2,000",4.5%,"4,000",100%,-
에브리봇,2021/07/28,"19,690",1.34%,"36,700",-46.35%,"33,050",-9.95%,"30,300"
맥스트,2021/07/27,"3,600",-0.41%,"15,000",-76%,"30,000",100%,"39,000"
큐라클,2021/07/22,"6,490",0.15%,"25,000",-74.04%,"36,500",46%,"30,650"
에스디바이오센서(유가),2021/07/16,"12,500",-10.46%,"52,000",-75.96%,"57,000",9.62%,"61,000"
오비고,2021/07/13,"6,410",2.07%,"14,300",-55.17%,"19,200",34.27%,"20,700"
아모센스,2021/06/25,"7,950",0.00%,"12,400",-35.89%,"12,250",-1.21%,"15,900"
이노뎁,2021/06/18,"7,850",-0.25%,"18,000",-56.39%,"22,200",23.33%,"18,050"
삼성머스트스팩5호,2021/06/17,"2,045",0.00%,"2,000",2.25%,"4,000",100%,"5,200"
라온테크,2021/06/17,"7,440",-0.13%,"18,000",-58.67%,"20,250",12.5%,"20,500"
엘비루셈,2021/06/11,"4,960",-0.10%,"14,000",-64.57%,"18,000",28.57%,"15,200"
에이디엠코리아,2021/06/03,"3,020",-1.15%,"3,800",-20.53%,"7,600",100%,"9,880"
제주맥주,2021/05/26,"1,000",0.00%,"3,200",-68.75%,"4,780",49.38%,"4,900"
진시스템,2021/05/26,"10,080",0.00%,"20,000",-49.6%,"19,100",-4.5%,"17,400"
삼영에스앤씨,2021/05/21,"6,240",-1.58%,"11,000",-43.27%,"22,000",100%,"28,600"
삼성스팩4호,2021/05/21,"2,030",0.00%,"2,000",1.5%,"2,070",3.5%,"2,105"
NH스팩19호(유가),2021/05/21,"10,290",0.00%,"2,000",414.5%,"2,075",3.75%,"2,100"
샘씨엔에스,2021/05/20,"6,530",-1.36%,"6,500",0.46%,"6,400",-1.54%,"8,320"
씨앤씨인터내셔널,2021/05/17,"100,200",-3.65%,"47,500",110.95%,"47,250",-0.53%,"41,150"
에이치피오,2021/05/14,"3,175",-1.40%,"22,200",-85.7%,"20,000",-9.91%,"16,750"
SK아이이테크놀로지(유가),2021/05/11,"33,300",4.55%,"105,000",-68.29%,"210,000",100%,"154,500"
하이스팩6호,2021/05/10,"2,145",0.00%,"2,000",7.25%,"2,060",3%,"2,065"
쿠콘,2021/04/28,"14,220",1.14%,"45,000",-68.4%,"80,000",77.78%,"65,500"
해성티피씨,2021/04/21,"10,460",2.65%,"13,000",-19.54%,"26,000",100%,"33,800"
이삭엔지니어링,2021/04/21,"10,590",-0.56%,"11,500",-7.91%,"23,000",100%,"26,150"
유진스팩6호,2021/04/08,"2,050",0.00%,"2,000",2.5%,"2,050",2.5%,"2,045"
유안타스팩8호,2021/04/05,"3,940",0.00%,"2,000",97%,"2,010",0.5%,"2,005"
엔시스,2021/04/01,"10,450",0.19%,"19,000",-45%,"38,000",100%,"31,400"
자이언트스텝,2021/03/24,"7,050",1.15%,"11,000",-35.91%,"22,000",100%,"28,600"
제노코,2021/03/24,"14,790",-2.31%,"36,000",-58.92%,"65,000",80.56%,"80,100"
라이프시맨틱스,2021/03/23,"3,750",-0.92%,"12,500",-70%,"25,000",100%,"17,500"
SK바이오사이언스(유가),2021/03/18,"57,200",-1.04%,"65,000",-12%,"130,000",100%,"169,000"
바이오다인,2021/03/17,"14,770",0.00%,"30,000",-50.77%,"40,000",33.33%,"42,600"
네오이뮨텍,2021/03/16,"1,380",-2.06%,"7,500",-81.6%,"15,000",100%,"14,350"
디비금융스팩9호,2021/03/16,"6,020",0.00%,"2,000",201%,"2,025",1.25%,"2,020"
프레스티지바이오로직스,2021/03/11,"6,360",-4.36%,"12,400",-48.71%,"12,100",-2.42%,"14,300"
싸이버원,2021/03/11,"3,195",2.40%,"9,500",-66.37%,"18,000",89.47%,"21,200"
나노씨엠에스,2021/03/09,"10,330",-8.01%,"20,000",-48.35%,"33,000",65%,"23,950"
하나머스트스팩7호,2021/03/05,"4,790",0.00%,"2,000",139.5%,"2,055",2.75%,"2,050"
뷰노,2021/02/26,"36,550",0.41%,"21,000",74.05%,"32,900",56.67%,"32,150"
IBKS스팩15호,2021/02/26,662,3.60%,"2,000",-66.9%,"2,060",3%,"2,070"
유일에너테크,2021/02/25,"2,560",-3.03%,"16,000",-84%,"32,000",100%,"34,500"
씨이랩,2021/02/24,"7,200",0.00%,"35,000",-79.43%,"46,600",33.14%,"40,800"
오로스테크놀로지,2021/02/24,"20,400",1.49%,"21,000",-2.86%,"42,000",100%,"54,600"
피엔에이치테크,2021/02/16,"10,050",-3.18%,"18,000",-44.17%,"20,500",13.89%,"23,850"
하나금융스팩17호,2021/02/10,"2,020",-0.25%,"2,000",1%,"2,045",2.25%,"2,050"
프레스티지바이오파마(유가),2021/02/05,"14,100",-3.89%,"32,000",-55.94%,"28,800",-10%,"32,800"
아이퀘스트,2021/02/05,"2,240",-0.44%,"11,000",-79.64%,"22,000",100%,"20,000"
신한스팩7호,2021/02/04,"8,770",0.00%,"2,000",338.5%,"2,020",1%,"2,030"
와이더플래닛,2021/02/03,"13,200",8.82%,"16,000",-17.5%,"24,900",55.63%,"20,000"
레인보우로보틱스,2021/02/03,"154,900",7.94%,"10,000",1449%,"20,000",100%,"26,000"
솔루엠(유가),2021/02/02,"19,140",0.68%,"17,000",12.59%,"34,000",100%,"29,150"
핑거,2021/01/29,"6,830",0.29%,"16,000",-57.31%,"32,000",100%,"29,100"
씨앤투스성진,2021/01/28,"3,090",-1.75%,"32,000",-90.34%,"31,700",-0.94%,"28,700"
모비릭스,2021/01/28,"4,745",2.37%,"14,000",-66.11%,"28,000",100%,"36,400"
선진뷰티사이언스,2021/01/27,"11,360",-4.22%,"11,500",-1.22%,"23,000",100%,"29,900"
엔비티,2021/01/21,"3,970",-0.75%,"19,000",-79.11%,"38,000",100%,"36,500"
한국스팩9호,2021/01/21,"3,930",-0.25%,"2,000",96.5%,"2,020",1%,"2,030"
지놈앤컴퍼니,2020/12/23,"4,675",-3.71%,"40,000",-88.31%,"80,000",100%,"68,800"
대신밸런스스팩9호,2020/12/23,"1,722",-0.58%,"2,000",-13.9%,"2,020",1%,"2,050"
석경에이티,2020/12/23,"47,000",-1.05%,"10,000",370%,"20,000",100%,"26,000"
이에스알켄달스퀘어리츠(유가),2020/12/23,"4,900",-0.10%,"5,000",-2%,"4,970",-0.6%,"5,190"
프리시젼바이오,2020/12/22,"4,275",-4.58%,"12,500",-65.8%,"25,000",100%,"32,500"
알체라,2020/12/21,"2,460",-2.77%,"10,000",-75.4%,"20,000",100%,"26,000"
엔에이치스팩18호,2020/12/21,"1,059",0.19%,"2,000",-47.05%,"2,025",1.25%,"2,025"
에프앤가이드,2020/12/17,"8,250",0.12%,"7,000",17.86%,"14,000",100%,"12,850"
에이치엠씨아이비스팩5호,2020/12/16,"2,065",0.00%,"2,000",3.25%,"2,000",0%,-
티엘비,2020/12/14,"15,630",-2.92%,"38,000",-58.87%,"75,900",99.74%,"54,500"
인바이오,2020/12/11,"2,480",-0.20%,"5,800",-57.24%,"11,600",100%,"12,200"
엔젠바이오,2020/12/10,"2,915",-6.72%,"14,000",-79.18%,"28,000",100%,"25,650"
퀀타매트릭스,2020/12/09,"15,210",-4.10%,"25,500",-40.35%,"25,050",-1.76%,"24,100"
디비금융스팩8호,2020/12/09,"2,055",0.00%,"2,000",2.75%,"1,985",-0.75%,"1,985"
명신산업(유가),2020/12/07,"12,110",-1.06%,"6,500",86.31%,"13,000",100%,"16,900"
클리노믹스,2020/12/04,"1,228",-3.23%,"13,900",-91.17%,"18,500",33.09%,"19,000"
포인트모바일,2020/12/03,"4,410",0.23%,"15,000",-70.6%,"30,000",100%,"30,550"
엔에프씨,2020/12/02,"7,400",-0.40%,"13,400",-44.78%,"20,700",54.48%,"16,950"
앱코,2020/12/02,"1,090",-0.18%,"24,300",-95.51%,"30,150",24.07%,"28,900"
제일전기공업,2020/11/26,"6,850",-1.01%,"17,000",-59.71%,"34,000",100%,"28,650"
하나기술,2020/11/25,"30,650",-1.45%,"35,000",-12.43%,"70,000",100%,"91,000"
티앤엘,2020/11/20,"74,500",-1.46%,"36,000",106.94%,"72,000",100%,"54,000"
에이플러스에셋어드바이저(유가),2020/11/20,"4,305",-3.91%,"7,500",-42.6%,"8,100",8%,"6,880"
고바이오랩,2020/11/18,"7,410",-3.64%,"15,000",-50.6%,"30,000",100%,"31,300"
네패스아크,2020/11/17,"16,560",-1.19%,"26,500",-37.51%,"36,200",36.6%,"38,700"
교촌에프앤비(유가),2020/11/12,"8,930",4.20%,"12,300",-27.4%,"23,850",93.9%,"31,000"
소룩스,2020/11/06,"10,570",0.19%,"10,000",5.7%,"20,000",100%,"26,000"
위드텍,2020/10/30,"8,700",1.16%,"25,000",-65.2%,"37,100",48.4%,"41,100"
센코,2020/10/29,"2,420",-0.82%,"13,000",-81.38%,"13,350",2.69%,"15,250"
바이브컴퍼니,2020/10/28,"4,400",-3.83%,"28,000",-84.29%,"40,000",42.86%,"31,300"
미코바이오메드,2020/10/22,"2,570",-3.02%,"15,000",-82.87%,"16,100",7.33%,"13,700"
피플바이오,2020/10/19,"3,840",-1.41%,"20,000",-80.8%,"18,000",-10%,"23,400"
하이브(구.빅히트)(유가),2020/10/15,"169,800",0.47%,"135,000",25.78%,"270,000",100%,"258,000"
넥스틴,2020/10/08,"51,400",-0.77%,"75,400",-31.83%,"71,100",-5.7%,"71,600"
원방테크,2020/09/24,"15,270",-1.29%,"54,300",-71.88%,"48,900",-9.94%,"43,700"
엔에이치스팩17호,2020/09/23,"1,242",-2.89%,"2,000",-37.9%,"2,005",0.25%,"1,995"
비나텍,2020/09/23,"39,600",1.28%,"33,000",20%,"44,000",33.33%,"40,750"
박셀바이오,2020/09/22,"15,640",-1.57%,"30,000",-47.87%,"27,000",-10%,"21,300"
비비씨,2020/09/21,"9,490",-1.15%,"30,700",-69.09%,"27,650",-9.93%,"22,300"
교보스팩10호,2020/09/18,"10,170",-3.60%,"2,000",408.5%,"2,020",1%,"2,005"
핌스,2020/09/18,"2,735",-1.44%,"19,000",-85.61%,"21,000",10.53%,"18,300"
압타머사이언스,2020/09/16,"3,130",-6.85%,"25,000",-87.48%,"28,850",15.4%,"27,750"
이오플로우,2020/09/14,"12,460",2.05%,"19,000",-34.42%,"21,750",14.47%,"20,000"
카카오게임즈,2020/09/10,"17,230",0.29%,"24,000",-28.21%,"48,000",100%,"62,400"
피엔케이피부임상연구센타,2020/09/09,"2,540",-2.31%,"18,300",-86.12%,"28,000",53.01%,"26,800"
코람코에너지플러스리츠(유가),2020/08/31,"4,730",-2.97%,"5,000",-5.4%,"4,800",-4%,"4,735"
미래에셋대우스팩5호,2020/08/28,"2,015",0.00%,"2,000",0.75%,"2,000",0%,"2,010"
아이디피,2020/08/24,"3,670",1.52%,"9,800",-62.55%,"13,200",34.69%,"12,500"
셀레믹스,2020/08/21,"7,220",-14.76%,"20,000",-63.9%,"24,900",24.5%,"25,800"
미투젠,2020/08/18,"10,620",2.02%,"27,000",-60.67%,"29,100",7.78%,"25,500"
브랜드엑스코퍼레이션,2020/08/13,"10,640",-2.83%,"13,000",-18.15%,"12,900",-0.77%,"11,700"
영림원소프트랩,2020/08/12,"7,820",-0.89%,"11,500",-32%,"17,600",53.04%,"13,650"
한국파마,2020/08/10,"18,750",-3.85%,"9,000",108.33%,"18,000",100%,"16,850"
제이알글로벌리츠(유가),2020/08/07,"3,620",0.56%,"5,000",-27.6%,"4,700",-6%,"4,825"
이루다,2020/08/06,"6,480",2.21%,"9,000",-28%,"18,000",100%,"17,650"
이지스레지던스리츠(유가),2020/08/05,"4,010",-1.11%,"5,000",-19.8%,"4,500",-10%,"4,190"
미래에셋맵스리츠1호(유가),2020/08/05,"3,150",0.80%,"5,000",-37%,"4,500",-10%,"4,350"
와이팜,2020/07/31,"2,845",-0.52%,"11,000",-74.14%,"15,550",41.36%,"18,800"
이엔드디,2020/07/30,"30,500",-0.65%,"14,400",111.81%,"18,200",26.39%,"21,000"
엠투아이,2020/07/29,"6,480",-0.46%,"15,600",-58.46%,"18,850",20.83%,"15,900"
에이치엠씨아이비스팩4호,2020/07/29,"2,025",0.00%,"2,000",1.25%,"2,010",0.5%,"2,000"
더네이쳐홀딩스,2020/07/27,"10,750",-0.19%,"46,000",-76.63%,"41,400",-10%,"43,000"
제놀루션,2020/07/24,"4,020",-10.27%,"14,000",-71.29%,"28,000",100%,"24,750"
솔트룩스,2020/07/23,"14,300",-2.72%,"25,000",-42.8%,"40,000",60%,"34,300"
하나금융스팩16호,2020/07/23,"2,020",0.00%,"2,000",1%,"2,020",1%,"2,020"
티에스아이,2020/07/22,"7,010",-1.68%,"10,000",-29.9%,"20,000",100%,"17,200"
이지스밸류플러스리츠(유가),2020/07/16,"5,300",0.00%,"5,000",6%,"4,800",-4%,"4,410"
에이프로,2020/07/16,"8,350",2.20%,"21,600",-61.34%,"43,200",100%,"56,100"
